{
  "毕业院校": {
    "subject_label": [
      "B_name",
      "I_name"
    ],
    "object_label": [
      "B_school",
      "I_school"
    ]
  },
  "作者": {
    "subject_label": [
      "B_book",
      "I_book"
    ],
    "object_label": [
      "B_name",
      "I_name"
    ]
  },
  "妻子": {
    "subject_label": [
      "B_name",
      "I_name"
    ],
    "object_label": [
      "B_name",
      "I_name"
    ]
  },
  "丈夫": {
    "subject_label": [
      "B_name",
      "I_name"
    ],
    "object_label": [
      "B_name",
      "I_name"
    ]
  },
  "导演": {
    "subject_label": [
      "B_film",
      "I_film"
    ],
    "object_label": [
      "B_name",
      "I_name"
    ]
  },
  "国籍": {
    "subject_label": [
      "B_name",
      "I_name"
    ],
    "object_label": [
      "B_country",
      "I_country"
    ]
  }
}