{
  "毕业院校": {
    "ask_subject": [
      "有哪些人从{}毕业",
      "{}有哪些知名校友",
      "从{}毕业的名人有哪些"
    ],
    "ask_object": [
      "{}毕业于哪里",
      "{}从哪里毕业",
      "{}以前在哪里读书",
      "{}的毕业院校是哪里",
      "{}的毕业院校是什么"
    ]
  },
  "作者": {
    "ask_subject": [
      "{}有哪些作品",
      "{}写了什么书",
      "{}写了哪些书",
      "{}有什么著作"
    ],
    "ask_object": [
      "{}是谁的作品",
      "{}是谁写的",
      "谁写了{}",
      "{}的作者是谁"
    ]
  },
  "妻子": {
    "ask_object": [
      "{}的妻子是谁",
      "{}的老婆是谁",
      "{}的配偶是谁",
      "{}和谁结婚了"
    ]
  },
  "丈夫": {
    "ask_object": [
      "{}的丈夫是谁",
      "{}的老公是谁",
      "{}的配偶是谁",
      "{}和谁结婚了"
    ]
  },
  "导演": {
    "ask_subject": [
      "{}有哪些影视作品",
      "{}导演了哪些电影",
      "{}导演了哪些电视剧"
    ],
    "ask_object": [
      "{}是谁导演的",
      "{}是谁的作品",
      "{}的导演是谁"
    ]
  },
  "国籍": {
    "ask_object": [
      "{}来自于哪个国家",
      "{}是哪个国家的人",
      "{}的国籍是什么"
    ]
  }
}